thang,co_so,so_tin,nhom,n_nhom,trung_vi_vnd_m2,p10_vnd_m2,p90_vnd_m2
2026-04,ghi_nhan,6,tach_thua_150_300,3,,,
2026-04,ghi_nhan,6,lo_500_tho_cu,1,,,
2026-04,ghi_nhan,6,dat_tren_1000,1,,,
2026-04,ghi_nhan,6,view,1,,,
2026-04,ghi_nhan,6,nha,1,,,
2026-04,posted,6,tach_thua_150_300,3,,,
2026-04,posted,6,lo_500_tho_cu,1,,,
2026-04,posted,6,dat_tren_1000,1,,,
2026-04,posted,6,view,1,,,
2026-04,posted,6,nha,1,,,
2026-04,refreshed_guland,0,tach_thua_150_300,0,,,
2026-04,refreshed_guland,0,lo_500_tho_cu,0,,,
2026-04,refreshed_guland,0,dat_tren_1000,0,,,
2026-04,refreshed_guland,0,view,0,,,
2026-04,refreshed_guland,0,nha,0,,,
2026-05,ghi_nhan,6,tach_thua_150_300,1,,,
2026-05,ghi_nhan,6,lo_500_tho_cu,1,,,
2026-05,ghi_nhan,6,dat_tren_1000,2,,,
2026-05,ghi_nhan,6,view,1,,,
2026-05,ghi_nhan,6,nha,1,,,
2026-05,posted,4,tach_thua_150_300,0,,,
2026-05,posted,4,lo_500_tho_cu,1,,,
2026-05,posted,4,dat_tren_1000,1,,,
2026-05,posted,4,view,0,,,
2026-05,posted,4,nha,1,,,
2026-05,refreshed_guland,2,tach_thua_150_300,1,,,
2026-05,refreshed_guland,2,lo_500_tho_cu,0,,,
2026-05,refreshed_guland,2,dat_tren_1000,1,,,
2026-05,refreshed_guland,2,view,1,,,
2026-05,refreshed_guland,2,nha,0,,,
2026-06,ghi_nhan,136,tach_thua_150_300,48,3820128,2757258,8757692
2026-06,ghi_nhan,136,lo_500_tho_cu,33,2875000,2136567,3863651
2026-06,ghi_nhan,136,dat_tren_1000,21,1000000,308461,2458649
2026-06,ghi_nhan,136,view,35,2952755,2080799,4597560
2026-06,ghi_nhan,136,nha,16,6269262,3490266,11669354
2026-06,posted,45,tach_thua_150_300,7,,,
2026-06,posted,45,lo_500_tho_cu,10,3050000,2631457,3871262
2026-06,posted,45,dat_tren_1000,10,1272635,865931,2462784
2026-06,posted,45,view,6,,,
2026-06,posted,45,nha,12,7187848,4939669,12004838
2026-06,refreshed_guland,91,tach_thua_150_300,41,3726708,2750000,4651162
2026-06,refreshed_guland,91,lo_500_tho_cu,23,2694610,2068751,3818241
2026-06,refreshed_guland,91,dat_tren_1000,11,702370,153500,2172338
2026-06,refreshed_guland,91,view,29,3005617,2127905,4553925
2026-06,refreshed_guland,91,nha,4,,,
2026-07,ghi_nhan,75,tach_thua_150_300,9,,,
2026-07,ghi_nhan,75,lo_500_tho_cu,18,2677165,1849179,4426136
2026-07,ghi_nhan,75,dat_tren_1000,28,907633,201944,2197872
2026-07,ghi_nhan,75,view,12,3694422,1037749,5825611
2026-07,ghi_nhan,75,nha,8,,,
2026-07,posted,30,tach_thua_150_300,5,,,
2026-07,posted,30,lo_500_tho_cu,6,,,
2026-07,posted,30,dat_tren_1000,7,,,
2026-07,posted,30,view,4,,,
2026-07,posted,30,nha,6,,,
2026-07,refreshed_guland,45,tach_thua_150_300,4,,,
2026-07,refreshed_guland,45,lo_500_tho_cu,12,3156137,1858285,4528409
2026-07,refreshed_guland,45,dat_tren_1000,21,461818,200000,1500000
2026-07,refreshed_guland,45,view,8,,,
2026-07,refreshed_guland,45,nha,2,,,
2026-08,ghi_nhan,56,tach_thua_150_300,10,3512276,2543067,6052857
2026-08,ghi_nhan,56,lo_500_tho_cu,12,2632726,1224011,4692530
2026-08,ghi_nhan,56,dat_tren_1000,9,,,
2026-08,ghi_nhan,56,view,12,3189851,2578298,6191659
2026-08,ghi_nhan,56,nha,9,,,
2026-08,posted,33,tach_thua_150_300,5,,,
2026-08,posted,33,lo_500_tho_cu,7,,,
2026-08,posted,33,dat_tren_1000,6,,,
2026-08,posted,33,view,11,3423180,2586206,6224066
2026-08,posted,33,nha,8,,,
2026-08,refreshed_guland,23,tach_thua_150_300,5,,,
2026-08,refreshed_guland,23,lo_500_tho_cu,5,,,
2026-08,refreshed_guland,23,dat_tren_1000,3,,,
2026-08,refreshed_guland,23,view,1,,,
2026-08,refreshed_guland,23,nha,1,,,
2026-09,ghi_nhan,173,tach_thua_150_300,21,4059040,2500000,8888888
2026-09,ghi_nhan,173,lo_500_tho_cu,39,2333333,1352982,4278451
2026-09,ghi_nhan,173,dat_tren_1000,37,1367924,437675,3865877
2026-09,ghi_nhan,173,view,15,3157894,1183152,6261337
2026-09,ghi_nhan,173,nha,34,5748651,2105263,31889705
2026-09,posted,43,tach_thua_150_300,4,,,
2026-09,posted,43,lo_500_tho_cu,8,,,
2026-09,posted,43,dat_tren_1000,5,,,
2026-09,posted,43,view,9,,,
2026-09,posted,43,nha,14,5180457,1477000,10978321
2026-09,refreshed_guland,130,tach_thua_150_300,17,4169741,3002480,17333333
2026-09,refreshed_guland,130,lo_500_tho_cu,31,2241379,1330128,3724604
2026-09,refreshed_guland,130,dat_tren_1000,32,1154091,424253,2695652
2026-09,refreshed_guland,130,view,6,,,
2026-09,refreshed_guland,130,nha,20,6269159,2280526,54554317
2026-W39,weekly_snapshot,650,tach_thua_150_300,130,3549199,2567030,5102644
2026-W39,weekly_snapshot,650,lo_500_tho_cu,156,2329457,1480344,4135964
2026-W39,weekly_snapshot,650,dat_tren_1000,133,1160377,292092,2650916
2026-W39,weekly_snapshot,650,view,142,3016162,1739458,4755354
2026-W39,weekly_snapshot,650,nha,98,5396963,1936363,13325295
